-- customer details
INSERT INTO CUSTOMERS (CUSTOMER_ID, CUSTOMER_NAME, EMAIL, MOBILE_NO) VALUES (CUSTOMER_ID_SEQ.NEXTVAL, 'Joseph Castillo PhD', 'phd_joseph@example.com', '9476123456');
INSERT INTO CUSTOMERS (CUSTOMER_ID, CUSTOMER_NAME, EMAIL, MOBILE_NO) VALUES (CUSTOMER_ID_SEQ.NEXTVAL, 'Lauren Hawkins', 'hawkins_lauren@example.com', '9994123456');
INSERT INTO CUSTOMERS (CUSTOMER_ID, CUSTOMER_NAME, EMAIL, MOBILE_NO) VALUES (CUSTOMER_ID_SEQ.NEXTVAL, 'Crystal Rojas', 'rojas_crystal@example.com', '9546123456');
INSERT INTO CUSTOMERS (CUSTOMER_ID, CUSTOMER_NAME, EMAIL, MOBILE_NO) VALUES (CUSTOMER_ID_SEQ.NEXTVAL, 'Nichole Richardson', 'richardson_nichole@example.com', '9106123456');
INSERT INTO CUSTOMERS (CUSTOMER_ID, CUSTOMER_NAME, EMAIL, MOBILE_NO) VALUES (CUSTOMER_ID_SEQ.NEXTVAL, 'Chelsea Garcia', 'garcia_chelsea@example.com', '9159123456');
INSERT INTO CUSTOMERS (CUSTOMER_ID, CUSTOMER_NAME, EMAIL, MOBILE_NO) VALUES (CUSTOMER_ID_SEQ.NEXTVAL, 'Tracy Ruiz', 'ruiz_tracy@example.com', '9398123456');
INSERT INTO CUSTOMERS (CUSTOMER_ID, CUSTOMER_NAME, EMAIL, MOBILE_NO) VALUES (CUSTOMER_ID_SEQ.NEXTVAL, 'Susan Ball', 'ball_susan@example.com', '9169123456');
INSERT INTO CUSTOMERS (CUSTOMER_ID, CUSTOMER_NAME, EMAIL, MOBILE_NO) VALUES (CUSTOMER_ID_SEQ.NEXTVAL, 'Richard Hayes', 'hayes_richard@example.com', '9739123456');
INSERT INTO CUSTOMERS (CUSTOMER_ID, CUSTOMER_NAME, EMAIL, MOBILE_NO) VALUES (CUSTOMER_ID_SEQ.NEXTVAL, 'Jessica Buckley', 'buckley_jessica@example.com', '9938123456');
INSERT INTO CUSTOMERS (CUSTOMER_ID, CUSTOMER_NAME, EMAIL, MOBILE_NO) VALUES (CUSTOMER_ID_SEQ.NEXTVAL, 'Cynthia Adams', 'adams_cynthia@example.com', '9994123457');
INSERT INTO CUSTOMERS (CUSTOMER_ID, CUSTOMER_NAME, EMAIL, MOBILE_NO) VALUES (CUSTOMER_ID_SEQ.NEXTVAL, 'Amanda Colon', 'colon_amanda@example.com', '9179123456');
INSERT INTO CUSTOMERS (CUSTOMER_ID, CUSTOMER_NAME, EMAIL, MOBILE_NO) VALUES (CUSTOMER_ID_SEQ.NEXTVAL, 'Cheryl Gutierrez', 'gutierrez_cheryl@example.com', '9118123456');
INSERT INTO CUSTOMERS (CUSTOMER_ID, CUSTOMER_NAME, EMAIL, MOBILE_NO) VALUES (CUSTOMER_ID_SEQ.NEXTVAL, 'Daniel Pace', 'pace_daniel@example.com', '9933123456');
INSERT INTO CUSTOMERS (CUSTOMER_ID, CUSTOMER_NAME, EMAIL, MOBILE_NO) VALUES (CUSTOMER_ID_SEQ.NEXTVAL, 'Amanda Barnes', 'barnes_amanda@example.com', '9537123456');
INSERT INTO CUSTOMERS (CUSTOMER_ID, CUSTOMER_NAME, EMAIL, MOBILE_NO) VALUES (CUSTOMER_ID_SEQ.NEXTVAL, 'Derek Brown', 'brown_derek@example.com', '9755123456');
INSERT INTO CUSTOMERS (CUSTOMER_ID, CUSTOMER_NAME, EMAIL, MOBILE_NO) VALUES (CUSTOMER_ID_SEQ.NEXTVAL, 'Joan Bates', 'bates_joan@example.com', '9536123456');
INSERT INTO CUSTOMERS (CUSTOMER_ID, CUSTOMER_NAME, EMAIL, MOBILE_NO) VALUES (CUSTOMER_ID_SEQ.NEXTVAL, 'Paul Carroll', 'carroll_paul@example.com', '9121123456');
INSERT INTO CUSTOMERS (CUSTOMER_ID, CUSTOMER_NAME, EMAIL, MOBILE_NO) VALUES (CUSTOMER_ID_SEQ.NEXTVAL, 'Anthony Herrera', 'herrera_anthony@example.com', '9573123456');
INSERT INTO CUSTOMERS (CUSTOMER_ID, CUSTOMER_NAME, EMAIL, MOBILE_NO) VALUES (CUSTOMER_ID_SEQ.NEXTVAL, 'Scott Underwood', 'underwood_scott@example.com', '9636123456');
INSERT INTO CUSTOMERS (CUSTOMER_ID, CUSTOMER_NAME, EMAIL, MOBILE_NO) VALUES (CUSTOMER_ID_SEQ.NEXTVAL, 'Mrs. Valerie Nichols', 'nichols_mrs.@example.com', '9212123456');
INSERT INTO CUSTOMERS (CUSTOMER_ID, CUSTOMER_NAME, EMAIL, MOBILE_NO) VALUES (CUSTOMER_ID_SEQ.NEXTVAL, 'Bridget Larson', 'larson_bridget@example.com', '9512123456');
INSERT INTO CUSTOMERS (CUSTOMER_ID, CUSTOMER_NAME, EMAIL, MOBILE_NO) VALUES (CUSTOMER_ID_SEQ.NEXTVAL, 'Jeremiah Lawrence', 'lawrence_jeremiah@example.com', '9776123456');
INSERT INTO CUSTOMERS (CUSTOMER_ID, CUSTOMER_NAME, EMAIL, MOBILE_NO) VALUES (CUSTOMER_ID_SEQ.NEXTVAL, 'Tamara Vasquez', 'vasquez_tamara@example.com', '9320123456');
INSERT INTO CUSTOMERS (CUSTOMER_ID, CUSTOMER_NAME, EMAIL, MOBILE_NO) VALUES (CUSTOMER_ID_SEQ.NEXTVAL, 'Tina Reed', 'reed_tina@example.com', '9582123456');
INSERT INTO CUSTOMERS (CUSTOMER_ID, CUSTOMER_NAME, EMAIL, MOBILE_NO) VALUES (CUSTOMER_ID_SEQ.NEXTVAL, 'Christine Taylor', 'taylor_christine@example.com', '9322123456');
INSERT INTO CUSTOMERS (CUSTOMER_ID, CUSTOMER_NAME, EMAIL, MOBILE_NO) VALUES (CUSTOMER_ID_SEQ.NEXTVAL, 'Emily Patterson PhD', 'phd_emily@example.com', '9358123456');
INSERT INTO CUSTOMERS (CUSTOMER_ID, CUSTOMER_NAME, EMAIL, MOBILE_NO) VALUES (CUSTOMER_ID_SEQ.NEXTVAL, 'Gabriela Pace', 'pace_gabriela@example.com', '9281123456');
INSERT INTO CUSTOMERS (CUSTOMER_ID, CUSTOMER_NAME, EMAIL, MOBILE_NO) VALUES (CUSTOMER_ID_SEQ.NEXTVAL, 'Abigail Garza', 'garza_abigail@example.com', '9583123456');
INSERT INTO CUSTOMERS (CUSTOMER_ID, CUSTOMER_NAME, EMAIL, MOBILE_NO) VALUES (CUSTOMER_ID_SEQ.NEXTVAL, 'Dorothy Harris', 'harris_dorothy@example.com', '9676123456');
INSERT INTO CUSTOMERS (CUSTOMER_ID, CUSTOMER_NAME, EMAIL, MOBILE_NO) VALUES (CUSTOMER_ID_SEQ.NEXTVAL, 'David Martin', 'martin_david@example.com', '9241123456');
INSERT INTO CUSTOMERS (CUSTOMER_ID, CUSTOMER_NAME, EMAIL, MOBILE_NO) VALUES (CUSTOMER_ID_SEQ.NEXTVAL, 'Leslie Winters', 'winters_leslie@example.com', '9408123456');
INSERT INTO CUSTOMERS (CUSTOMER_ID, CUSTOMER_NAME, EMAIL, MOBILE_NO) VALUES (CUSTOMER_ID_SEQ.NEXTVAL, 'Brian Walton', 'walton_brian@example.com', '9948123456');
INSERT INTO CUSTOMERS (CUSTOMER_ID, CUSTOMER_NAME, EMAIL, MOBILE_NO) VALUES (CUSTOMER_ID_SEQ.NEXTVAL, 'Stephanie Hammond', 'hammond_stephanie@example.com', '9453123456');
INSERT INTO CUSTOMERS (CUSTOMER_ID, CUSTOMER_NAME, EMAIL, MOBILE_NO) VALUES (CUSTOMER_ID_SEQ.NEXTVAL, 'Kathryn Woodard', 'woodard_kathryn@example.com', '9417123456');
INSERT INTO CUSTOMERS (CUSTOMER_ID, CUSTOMER_NAME, EMAIL, MOBILE_NO) VALUES (CUSTOMER_ID_SEQ.NEXTVAL, 'Marilyn Zimmerman', 'zimmerman_marilyn@example.com', '9623123456');
INSERT INTO CUSTOMERS (CUSTOMER_ID, CUSTOMER_NAME, EMAIL, MOBILE_NO) VALUES (CUSTOMER_ID_SEQ.NEXTVAL, 'Matthew Anderson DDS', 'dds_matthew@example.com', '9107123456');
INSERT INTO CUSTOMERS (CUSTOMER_ID, CUSTOMER_NAME, EMAIL, MOBILE_NO) VALUES (CUSTOMER_ID_SEQ.NEXTVAL, 'Christopher Huber', 'huber_christopher@example.com', '9800123456');
INSERT INTO CUSTOMERS (CUSTOMER_ID, CUSTOMER_NAME, EMAIL, MOBILE_NO) VALUES (CUSTOMER_ID_SEQ.NEXTVAL, 'Julian Davis', 'davis_julian@example.com', '9439123456');
INSERT INTO CUSTOMERS (CUSTOMER_ID, CUSTOMER_NAME, EMAIL, MOBILE_NO) VALUES (CUSTOMER_ID_SEQ.NEXTVAL, 'Richard Jenkins', 'jenkins_richard@example.com', '9419123456');
INSERT INTO CUSTOMERS (CUSTOMER_ID, CUSTOMER_NAME, EMAIL, MOBILE_NO) VALUES (CUSTOMER_ID_SEQ.NEXTVAL, 'Gregory Phillips', 'phillips_gregory@example.com', '9397123456');
INSERT INTO CUSTOMERS (CUSTOMER_ID, CUSTOMER_NAME, EMAIL, MOBILE_NO) VALUES (CUSTOMER_ID_SEQ.NEXTVAL, 'Mark Hicks', 'hicks_mark@example.com', '9897123456');
INSERT INTO CUSTOMERS (CUSTOMER_ID, CUSTOMER_NAME, EMAIL, MOBILE_NO) VALUES (CUSTOMER_ID_SEQ.NEXTVAL, 'Christopher Harris', 'harris_christopher@example.com', '9549123456');
INSERT INTO CUSTOMERS (CUSTOMER_ID, CUSTOMER_NAME, EMAIL, MOBILE_NO) VALUES (CUSTOMER_ID_SEQ.NEXTVAL, 'Joshua Meyer', 'meyer_joshua@example.com', '9318123456');
INSERT INTO CUSTOMERS (CUSTOMER_ID, CUSTOMER_NAME, EMAIL, MOBILE_NO) VALUES (CUSTOMER_ID_SEQ.NEXTVAL, 'Brian Castro', 'castro_brian@example.com', '9566123456');
INSERT INTO CUSTOMERS (CUSTOMER_ID, CUSTOMER_NAME, EMAIL, MOBILE_NO) VALUES (CUSTOMER_ID_SEQ.NEXTVAL, 'Tony Santiago', 'santiago_tony@example.com', '9163123456');
INSERT INTO CUSTOMERS (CUSTOMER_ID, CUSTOMER_NAME, EMAIL, MOBILE_NO) VALUES (CUSTOMER_ID_SEQ.NEXTVAL, 'Brian Cruz', 'cruz_brian@example.com', '9202123456');
INSERT INTO CUSTOMERS (CUSTOMER_ID, CUSTOMER_NAME, EMAIL, MOBILE_NO) VALUES (CUSTOMER_ID_SEQ.NEXTVAL, 'Kathryn Clark', 'clark_kathryn@example.com', '9175123456');
INSERT INTO CUSTOMERS (CUSTOMER_ID, CUSTOMER_NAME, EMAIL, MOBILE_NO) VALUES (CUSTOMER_ID_SEQ.NEXTVAL, 'Stephen Morrow', 'morrow_stephen@example.com', '9307123456');
INSERT INTO CUSTOMERS (CUSTOMER_ID, CUSTOMER_NAME, EMAIL, MOBILE_NO) VALUES (CUSTOMER_ID_SEQ.NEXTVAL, 'Rebecca Sherman', 'sherman_rebecca@example.com', '9780123456');
INSERT INTO CUSTOMERS (CUSTOMER_ID, CUSTOMER_NAME, EMAIL, MOBILE_NO) VALUES (CUSTOMER_ID_SEQ.NEXTVAL, 'Carly Torres', 'torres_carly@example.com', '9117123456');
INSERT INTO CUSTOMERS (CUSTOMER_ID, CUSTOMER_NAME, EMAIL, MOBILE_NO) VALUES (CUSTOMER_ID_SEQ.NEXTVAL, 'Dale Bond', 'bond_dale@example.com', '9652123456');
INSERT INTO CUSTOMERS (CUSTOMER_ID, CUSTOMER_NAME, EMAIL, MOBILE_NO) VALUES (CUSTOMER_ID_SEQ.NEXTVAL, 'Janet Wiggins', 'wiggins_janet@example.com', '9436123456');
INSERT INTO CUSTOMERS (CUSTOMER_ID, CUSTOMER_NAME, EMAIL, MOBILE_NO) VALUES (CUSTOMER_ID_SEQ.NEXTVAL, 'Jessica Sharp', 'sharp_jessica@example.com', '9376123456');
INSERT INTO CUSTOMERS (CUSTOMER_ID, CUSTOMER_NAME, EMAIL, MOBILE_NO) VALUES (CUSTOMER_ID_SEQ.NEXTVAL, 'Andrew Hale', 'hale_andrew@example.com', '9790123456');
INSERT INTO CUSTOMERS (CUSTOMER_ID, CUSTOMER_NAME, EMAIL, MOBILE_NO) VALUES (CUSTOMER_ID_SEQ.NEXTVAL, 'Phillip Strickland', 'strickland_phillip@example.com', '9353123456');
INSERT INTO CUSTOMERS (CUSTOMER_ID, CUSTOMER_NAME, EMAIL, MOBILE_NO) VALUES (CUSTOMER_ID_SEQ.NEXTVAL, 'Brandon Casey', 'casey_brandon@example.com', '9996123456');
INSERT INTO CUSTOMERS (CUSTOMER_ID, CUSTOMER_NAME, EMAIL, MOBILE_NO) VALUES (CUSTOMER_ID_SEQ.NEXTVAL, 'Eric Weaver', 'weaver_eric@example.com', '9992123456');
INSERT INTO CUSTOMERS (CUSTOMER_ID, CUSTOMER_NAME, EMAIL, MOBILE_NO) VALUES (CUSTOMER_ID_SEQ.NEXTVAL, 'Steven Yates', 'yates_steven@example.com', '9194123456');
INSERT INTO CUSTOMERS (CUSTOMER_ID, CUSTOMER_NAME, EMAIL, MOBILE_NO) VALUES (CUSTOMER_ID_SEQ.NEXTVAL, 'Steven Franco', 'franco_steven@example.com', '9299123456');
INSERT INTO CUSTOMERS (CUSTOMER_ID, CUSTOMER_NAME, EMAIL, MOBILE_NO) VALUES (CUSTOMER_ID_SEQ.NEXTVAL, 'Mark Hernandez', 'hernandez_mark@example.com', '9284123456');
INSERT INTO CUSTOMERS (CUSTOMER_ID, CUSTOMER_NAME, EMAIL, MOBILE_NO) VALUES (CUSTOMER_ID_SEQ.NEXTVAL, 'Diane Williams', 'williams_diane@example.com', '9158123456');
INSERT INTO CUSTOMERS (CUSTOMER_ID, CUSTOMER_NAME, EMAIL, MOBILE_NO) VALUES (CUSTOMER_ID_SEQ.NEXTVAL, 'Jessica Davenport', 'davenport_jessica@example.com', '9938123457');
INSERT INTO CUSTOMERS (CUSTOMER_ID, CUSTOMER_NAME, EMAIL, MOBILE_NO) VALUES (CUSTOMER_ID_SEQ.NEXTVAL, 'Michael White', 'white_michael@example.com', '9588123456');
INSERT INTO CUSTOMERS (CUSTOMER_ID, CUSTOMER_NAME, EMAIL, MOBILE_NO) VALUES (CUSTOMER_ID_SEQ.NEXTVAL, 'George Herrera', 'herrera_george@example.com', '9292123456');
INSERT INTO CUSTOMERS (CUSTOMER_ID, CUSTOMER_NAME, EMAIL, MOBILE_NO) VALUES (CUSTOMER_ID_SEQ.NEXTVAL, 'Natalie Raymond', 'raymond_natalie@example.com', '9268123456');
INSERT INTO CUSTOMERS (CUSTOMER_ID, CUSTOMER_NAME, EMAIL, MOBILE_NO) VALUES (CUSTOMER_ID_SEQ.NEXTVAL, 'Bryan Cervantes', 'cervantes_bryan@example.com', '9471123456');
INSERT INTO CUSTOMERS (CUSTOMER_ID, CUSTOMER_NAME, EMAIL, MOBILE_NO) VALUES (CUSTOMER_ID_SEQ.NEXTVAL, 'Ryan Brown', 'brown_ryan@example.com', '9924123456');
INSERT INTO CUSTOMERS (CUSTOMER_ID, CUSTOMER_NAME, EMAIL, MOBILE_NO) VALUES (CUSTOMER_ID_SEQ.NEXTVAL, 'Lori Miller', 'miller_lori@example.com', '9234123456');
INSERT INTO CUSTOMERS (CUSTOMER_ID, CUSTOMER_NAME, EMAIL, MOBILE_NO) VALUES (CUSTOMER_ID_SEQ.NEXTVAL, 'Kelly Lamb', 'lamb_kelly@example.com', '9427123456');
INSERT INTO CUSTOMERS (CUSTOMER_ID, CUSTOMER_NAME, EMAIL, MOBILE_NO) VALUES (CUSTOMER_ID_SEQ.NEXTVAL, 'Jordan Marsh', 'marsh_jordan@example.com', '9988123456');
INSERT INTO CUSTOMERS (CUSTOMER_ID, CUSTOMER_NAME, EMAIL, MOBILE_NO) VALUES (CUSTOMER_ID_SEQ.NEXTVAL, 'John Turner', 'turner_john@example.com', '9525123456');
INSERT INTO CUSTOMERS (CUSTOMER_ID, CUSTOMER_NAME, EMAIL, MOBILE_NO) VALUES (CUSTOMER_ID_SEQ.NEXTVAL, 'Jonathan Morales', 'morales_jonathan@example.com', '9693123456');
INSERT INTO CUSTOMERS (CUSTOMER_ID, CUSTOMER_NAME, EMAIL, MOBILE_NO) VALUES (CUSTOMER_ID_SEQ.NEXTVAL, 'Wesley Anderson II', 'ii_wesley@example.com', '9260123456');
INSERT INTO CUSTOMERS (CUSTOMER_ID, CUSTOMER_NAME, EMAIL, MOBILE_NO) VALUES (CUSTOMER_ID_SEQ.NEXTVAL, 'Amanda Torres', 'torres_amanda@example.com', '9405123456');
INSERT INTO CUSTOMERS (CUSTOMER_ID, CUSTOMER_NAME, EMAIL, MOBILE_NO) VALUES (CUSTOMER_ID_SEQ.NEXTVAL, 'Lonnie Marks', 'marks_lonnie@example.com', '9798123456');
INSERT INTO CUSTOMERS (CUSTOMER_ID, CUSTOMER_NAME, EMAIL, MOBILE_NO) VALUES (CUSTOMER_ID_SEQ.NEXTVAL, 'Jessica Black', 'black_jessica@example.com', '9706123456');
INSERT INTO CUSTOMERS (CUSTOMER_ID, CUSTOMER_NAME, EMAIL, MOBILE_NO) VALUES (CUSTOMER_ID_SEQ.NEXTVAL, 'Jennifer Jenkins', 'jenkins_jennifer@example.com', '9240123456');
INSERT INTO CUSTOMERS (CUSTOMER_ID, CUSTOMER_NAME, EMAIL, MOBILE_NO) VALUES (CUSTOMER_ID_SEQ.NEXTVAL, 'Christopher Flores', 'flores_christopher@example.com', '9889123456');
INSERT INTO CUSTOMERS (CUSTOMER_ID, CUSTOMER_NAME, EMAIL, MOBILE_NO) VALUES (CUSTOMER_ID_SEQ.NEXTVAL, 'Lori Hill', 'hill_lori@example.com', '9230123456');
INSERT INTO CUSTOMERS (CUSTOMER_ID, CUSTOMER_NAME, EMAIL, MOBILE_NO) VALUES (CUSTOMER_ID_SEQ.NEXTVAL, 'Margaret Shah', 'shah_margaret@example.com', '9348123456');
INSERT INTO CUSTOMERS (CUSTOMER_ID, CUSTOMER_NAME, EMAIL, MOBILE_NO) VALUES (CUSTOMER_ID_SEQ.NEXTVAL, 'Miranda Day MD', 'md_miranda@example.com', '9440123456');
INSERT INTO CUSTOMERS (CUSTOMER_ID, CUSTOMER_NAME, EMAIL, MOBILE_NO) VALUES (CUSTOMER_ID_SEQ.NEXTVAL, 'Marissa Hernandez', 'hernandez_marissa@example.com', '9475123456');
INSERT INTO CUSTOMERS (CUSTOMER_ID, CUSTOMER_NAME, EMAIL, MOBILE_NO) VALUES (CUSTOMER_ID_SEQ.NEXTVAL, 'Mrs. Norma May', 'may_mrs.@example.com', '9396123456');
INSERT INTO CUSTOMERS (CUSTOMER_ID, CUSTOMER_NAME, EMAIL, MOBILE_NO) VALUES (CUSTOMER_ID_SEQ.NEXTVAL, 'Regina Howard', 'howard_regina@example.com', '9858123456');
INSERT INTO CUSTOMERS (CUSTOMER_ID, CUSTOMER_NAME, EMAIL, MOBILE_NO) VALUES (CUSTOMER_ID_SEQ.NEXTVAL, 'Anthony Morrison', 'morrison_anthony@example.com', '9186123456');
INSERT INTO CUSTOMERS (CUSTOMER_ID, CUSTOMER_NAME, EMAIL, MOBILE_NO) VALUES (CUSTOMER_ID_SEQ.NEXTVAL, 'Joseph Grant', 'grant_joseph@example.com', '9635123456');
INSERT INTO CUSTOMERS (CUSTOMER_ID, CUSTOMER_NAME, EMAIL, MOBILE_NO) VALUES (CUSTOMER_ID_SEQ.NEXTVAL, 'Kristen Grant', 'grant_kristen@example.com', '9761123456');
INSERT INTO CUSTOMERS (CUSTOMER_ID, CUSTOMER_NAME, EMAIL, MOBILE_NO) VALUES (CUSTOMER_ID_SEQ.NEXTVAL, 'Charles Russell', 'russell_charles@example.com', '9885123456');
INSERT INTO CUSTOMERS (CUSTOMER_ID, CUSTOMER_NAME, EMAIL, MOBILE_NO) VALUES (CUSTOMER_ID_SEQ.NEXTVAL, 'Kara Chen', 'chen_kara@example.com', '9295123456');
INSERT INTO CUSTOMERS (CUSTOMER_ID, CUSTOMER_NAME, EMAIL, MOBILE_NO) VALUES (CUSTOMER_ID_SEQ.NEXTVAL, 'Nicholas Wilcox', 'wilcox_nicholas@example.com', '9688123456');
INSERT INTO CUSTOMERS (CUSTOMER_ID, CUSTOMER_NAME, EMAIL, MOBILE_NO) VALUES (CUSTOMER_ID_SEQ.NEXTVAL, 'Barbara Ramirez', 'ramirez_barbara@example.com', '9365123456');
INSERT INTO CUSTOMERS (CUSTOMER_ID, CUSTOMER_NAME, EMAIL, MOBILE_NO) VALUES (CUSTOMER_ID_SEQ.NEXTVAL, 'John Newman', 'newman_john@example.com', '9926123456');
INSERT INTO CUSTOMERS (CUSTOMER_ID, CUSTOMER_NAME, EMAIL, MOBILE_NO) VALUES (CUSTOMER_ID_SEQ.NEXTVAL, 'Luis Bird', 'bird_luis@example.com', '9540123456');
INSERT INTO CUSTOMERS (CUSTOMER_ID, CUSTOMER_NAME, EMAIL, MOBILE_NO) VALUES (CUSTOMER_ID_SEQ.NEXTVAL, 'Corey Miller', 'miller_corey@example.com', '9467123456');
INSERT INTO CUSTOMERS (CUSTOMER_ID, CUSTOMER_NAME, EMAIL, MOBILE_NO) VALUES (CUSTOMER_ID_SEQ.NEXTVAL, 'Chloe Ward', 'ward_chloe@example.com', '9112123456');
INSERT INTO CUSTOMERS (CUSTOMER_ID, CUSTOMER_NAME, EMAIL, MOBILE_NO) VALUES (CUSTOMER_ID_SEQ.NEXTVAL, 'Alyssa Hicks', 'hicks_alyssa@example.com', '9996123457');
INSERT INTO CUSTOMERS (CUSTOMER_ID, CUSTOMER_NAME, EMAIL, MOBILE_NO) VALUES (CUSTOMER_ID_SEQ.NEXTVAL, 'Pamela Reese', 'reese_pamela@example.com', '9173123456');
INSERT INTO CUSTOMERS (CUSTOMER_ID, CUSTOMER_NAME, EMAIL, MOBILE_NO) VALUES (CUSTOMER_ID_SEQ.NEXTVAL, 'Jodi Doyle', 'doyle_jodi@example.com', '9751123456');
INSERT INTO CUSTOMERS (CUSTOMER_ID, CUSTOMER_NAME, EMAIL, MOBILE_NO) VALUES (CUSTOMER_ID_SEQ.NEXTVAL, 'Debra Skinner', 'skinner_debra@example.com', '9563123456');
INSERT INTO CUSTOMERS (CUSTOMER_ID, CUSTOMER_NAME, EMAIL, MOBILE_NO) VALUES (CUSTOMER_ID_SEQ.NEXTVAL, 'Patrick Washington', 'washington_patrick@example.com', '9474123456');



--CATAGORY DETAILS
--Previous Details
-- INSERT INTO CATAGORY VALUES (1, 'Calculator');
-- INSERT INTO CATAGORY VALUES (2, 'Smartphone');
-- INSERT INTO CATAGORY VALUES (3, 'Laptop');
-- INSERT INTO CATAGORY VALUES (4, 'TAB');
--NEW DETAILS
INSERT INTO CATAGORY VALUES (5, 'Printer');
INSERT INTO CATAGORY VALUES (6, 'TV');
INSERT INTO CATAGORY VALUES (7, 'Camera');
INSERT INTO CATAGORY VALUES (8, 'Headphone');
INSERT INTO CATAGORY VALUES (9, 'Speaker');
INSERT INTO CATAGORY VALUES (10, 'Monitor');
INSERT INTO CATAGORY VALUES (11, 'Keyboard');
INSERT INTO CATAGORY VALUES (12, 'Mouse');


--PRODUCT DETAILS
--CATAGORY 2
INSERT INTO PRODUCTS (PRODUCT_ID, PRODUCT_NAME, PRICE, WARRANTY_YEARS, IMAGE, STATUS, CATAGORY_ID) VALUES (50015, 'Nova X5 Lite', 40952, 2.04, 'something.jpeg', 'discontinued', 2);
INSERT INTO PRODUCTS (PRODUCT_ID, PRODUCT_NAME, PRICE, WARRANTY_YEARS, IMAGE, STATUS, CATAGORY_ID) VALUES (50016, 'Nova X6 Lite', 9019, 3.30, 'something.jpeg', 'continued', 2);
INSERT INTO PRODUCTS (PRODUCT_ID, PRODUCT_NAME, PRICE, WARRANTY_YEARS, IMAGE, STATUS, CATAGORY_ID) VALUES (50017, 'Nova M7 Pro', 36167, 3.70, 'something.jpeg', 'continued', 2);
INSERT INTO PRODUCTS (PRODUCT_ID, PRODUCT_NAME, PRICE, WARRANTY_YEARS, IMAGE, STATUS, CATAGORY_ID) VALUES (50018, 'Nova A8', 4551, 2.92, 'something.jpeg', 'continued', 2);
INSERT INTO PRODUCTS (PRODUCT_ID, PRODUCT_NAME, PRICE, WARRANTY_YEARS, IMAGE, STATUS, CATAGORY_ID) VALUES (50019, 'Nova A7 Max', 17639, 3.92, 'something.jpeg', 'continued', 2);
INSERT INTO PRODUCTS (PRODUCT_ID, PRODUCT_NAME, PRICE, WARRANTY_YEARS, IMAGE, STATUS, CATAGORY_ID) VALUES (50020, 'Nova X6 Ulta', 5692, 4.67, 'something.jpeg', 'continued', 2);
INSERT INTO PRODUCTS (PRODUCT_ID, PRODUCT_NAME, PRICE, WARRANTY_YEARS, IMAGE, STATUS, CATAGORY_ID) VALUES (50021, 'Nova A9 Ultra', 20191, 4.22, 'something.jpeg', 'continued', 2);
INSERT INTO PRODUCTS (PRODUCT_ID, PRODUCT_NAME, PRICE, WARRANTY_YEARS, IMAGE, STATUS, CATAGORY_ID) VALUES (50022, 'Nova M5 Lite', 25437, 1.65, 'something.jpeg', 'discontinued', 2);
INSERT INTO PRODUCTS (PRODUCT_ID, PRODUCT_NAME, PRICE, WARRANTY_YEARS, IMAGE, STATUS, CATAGORY_ID) VALUES (50023, 'Nova M8 Pro', 33480, 2.81, 'something.jpeg', 'continued', 2);
INSERT INTO PRODUCTS (PRODUCT_ID, PRODUCT_NAME, PRICE, WARRANTY_YEARS, IMAGE, STATUS, CATAGORY_ID) VALUES (50024, 'Nova M6', 6264, 4.00, 'something.jpeg', 'continued', 2);
INSERT INTO PRODUCTS (PRODUCT_ID, PRODUCT_NAME, PRICE, WARRANTY_YEARS, IMAGE, STATUS, CATAGORY_ID) VALUES (50025, 'Nova A5 Lite', 20513, 2.48, 'something.jpeg', 'continued', 2);
INSERT INTO PRODUCTS (PRODUCT_ID, PRODUCT_NAME, PRICE, WARRANTY_YEARS, IMAGE, STATUS, CATAGORY_ID) VALUES (50026, 'Nova A10 Lite', 32477, 1.89, 'something.jpeg', 'continued', 2);
INSERT INTO PRODUCTS (PRODUCT_ID, PRODUCT_NAME, PRICE, WARRANTY_YEARS, IMAGE, STATUS, CATAGORY_ID) VALUES (50027, 'Nova A7 Ultra', 3512, 1.87, 'something.jpeg', 'continued', 2);
INSERT INTO PRODUCTS (PRODUCT_ID, PRODUCT_NAME, PRICE, WARRANTY_YEARS, IMAGE, STATUS, CATAGORY_ID) VALUES (50028, 'Nova M7', 4963, 1.75, 'something.jpeg', 'continued', 2);
INSERT INTO PRODUCTS (PRODUCT_ID, PRODUCT_NAME, PRICE, WARRANTY_YEARS, IMAGE, STATUS, CATAGORY_ID) VALUES (50029, 'Nova X9 Lite', 20937, 2.50, 'something.jpeg', 'continued', 2);
INSERT INTO PRODUCTS (PRODUCT_ID, PRODUCT_NAME, PRICE, WARRANTY_YEARS, IMAGE, STATUS, CATAGORY_ID) VALUES (50030, 'Nova X5 Max', 31979, 2.36, 'something.jpeg', 'discontinued', 2);
INSERT INTO PRODUCTS (PRODUCT_ID, PRODUCT_NAME, PRICE, WARRANTY_YEARS, IMAGE, STATUS, CATAGORY_ID) VALUES (50031, 'Nova M10 Pro', 22461, 3.12, 'something.jpeg', 'continued', 2);
--CATAGORY 6
INSERT INTO PRODUCTS (PRODUCT_ID, PRODUCT_NAME, PRICE, WARRANTY_YEARS, IMAGE, STATUS, CATAGORY_ID) VALUES (50032, 'Nova CHRONO5 QLED 4K TV', 39431, 1.84, 'something.jpeg', 'continued', 6);
INSERT INTO PRODUCTS (PRODUCT_ID, PRODUCT_NAME, PRICE, WARRANTY_YEARS, IMAGE, STATUS, CATAGORY_ID) VALUES (50033, 'Nova CHRONO7 HD TV', 31924, 4.32, 'something.jpeg', 'continued', 6);
INSERT INTO PRODUCTS (PRODUCT_ID, PRODUCT_NAME, PRICE, WARRANTY_YEARS, IMAGE, STATUS, CATAGORY_ID) VALUES (50034, 'Nova NEO9 QLED 8K TV', 30241, 4.91, 'something.jpeg', 'continued', 6);
INSERT INTO PRODUCTS (PRODUCT_ID, PRODUCT_NAME, PRICE, WARRANTY_YEARS, IMAGE, STATUS, CATAGORY_ID) VALUES (50035, 'Nova CHRONO10 QLED 8K TV', 20551, 3.98, 'something.jpeg', 'continued', 6);
INSERT INTO PRODUCTS (PRODUCT_ID, PRODUCT_NAME, PRICE, WARRANTY_YEARS, IMAGE, STATUS, CATAGORY_ID) VALUES (50036, 'Nova CHRONO10 ULTRA WIDE TV', 28485, 4.73, 'something.jpeg', 'continued', 6);
INSERT INTO PRODUCTS (PRODUCT_ID, PRODUCT_NAME, PRICE, WARRANTY_YEARS, IMAGE, STATUS, CATAGORY_ID) VALUES (50037, 'Nova CHRONO5 ULTRA WIDE TV', 28335, 1.15, 'something.jpeg', 'continued', 6);
INSERT INTO PRODUCTS (PRODUCT_ID, PRODUCT_NAME, PRICE, WARRANTY_YEARS, IMAGE, STATUS, CATAGORY_ID) VALUES (50038, 'Nova BU8 HD TV', 44511, 2.61, 'something.jpeg', 'discontinued', 6);
--CATAGORY 3
INSERT INTO PRODUCTS (PRODUCT_ID, PRODUCT_NAME, PRICE, WARRANTY_YEARS, IMAGE, STATUS, CATAGORY_ID) VALUES (50039, 'Nova Probook 9', 32214, 3.72, 'something.jpeg', 'continued', 3);
INSERT INTO PRODUCTS (PRODUCT_ID, PRODUCT_NAME, PRICE, WARRANTY_YEARS, IMAGE, STATUS, CATAGORY_ID) VALUES (50040, 'Nova Notebook 9', 20522, 3.75, 'something.jpeg', 'continued', 3);
INSERT INTO PRODUCTS (PRODUCT_ID, PRODUCT_NAME, PRICE, WARRANTY_YEARS, IMAGE, STATUS, CATAGORY_ID) VALUES (50041, 'Nova zenbook 5', 23571, 4.31, 'something.jpeg', 'discontinued', 3);
INSERT INTO PRODUCTS (PRODUCT_ID, PRODUCT_NAME, PRICE, WARRANTY_YEARS, IMAGE, STATUS, CATAGORY_ID) VALUES (50042, 'Nova Notebook 6', 23126, 2.36, 'something.jpeg', 'continued', 3);
INSERT INTO PRODUCTS (PRODUCT_ID, PRODUCT_NAME, PRICE, WARRANTY_YEARS, IMAGE, STATUS, CATAGORY_ID) VALUES (50043, 'Nova Surface 10 Pro', 41178, 4.32, 'something.jpeg', 'continued', 3);
INSERT INTO PRODUCTS (PRODUCT_ID, PRODUCT_NAME, PRICE, WARRANTY_YEARS, IMAGE, STATUS, CATAGORY_ID) VALUES (50044, 'Nova Surface 9', 48557, 4.50, 'something.jpeg', 'continued', 3);
INSERT INTO PRODUCTS (PRODUCT_ID, PRODUCT_NAME, PRICE, WARRANTY_YEARS, IMAGE, STATUS, CATAGORY_ID) VALUES (50045, 'Nova Notebook 8', 20096, 3.91, 'something.jpeg', 'continued', 3);
INSERT INTO PRODUCTS (PRODUCT_ID, PRODUCT_NAME, PRICE, WARRANTY_YEARS, IMAGE, STATUS, CATAGORY_ID) VALUES (50046, 'Nova Surface 8', 29772, 4.34, 'something.jpeg', 'continued', 3);
INSERT INTO PRODUCTS (PRODUCT_ID, PRODUCT_NAME, PRICE, WARRANTY_YEARS, IMAGE, STATUS, CATAGORY_ID) VALUES (50047, 'Nova Notebook 9 pro', 42629, 2.97, 'something.jpeg', 'continued', 3);
INSERT INTO PRODUCTS (PRODUCT_ID, PRODUCT_NAME, PRICE, WARRANTY_YEARS, IMAGE, STATUS, CATAGORY_ID) VALUES (50048, 'Nova Probook 10', 46031, 2.01, 'something.jpeg', 'continued', 3);
INSERT INTO PRODUCTS (PRODUCT_ID, PRODUCT_NAME, PRICE, WARRANTY_YEARS, IMAGE, STATUS, CATAGORY_ID) VALUES (50049, 'Nova victus 5 Gaming', 22889, 3.89, 'something.jpeg', 'continued', 3);
--CATAGORY 5
INSERT INTO PRODUCTS (PRODUCT_ID, PRODUCT_NAME, PRICE, WARRANTY_YEARS, IMAGE, STATUS, CATAGORY_ID) VALUES (50050, 'Nova Inkjet 6', 9431, 1.84, 'something.jpeg', 'discontinued', 5);
INSERT INTO PRODUCTS (PRODUCT_ID, PRODUCT_NAME, PRICE, WARRANTY_YEARS, IMAGE, STATUS, CATAGORY_ID) VALUES (50051, 'Nova Inkjet 8', 11924, 4.32, 'something.jpeg', 'continued', 5);
INSERT INTO PRODUCTS (PRODUCT_ID, PRODUCT_NAME, PRICE, WARRANTY_YEARS, IMAGE, STATUS, CATAGORY_ID) VALUES (50052, 'Nova Inkjet 10', 20241, 4.91, 'something.jpeg', 'continued', 5);
INSERT INTO PRODUCTS (PRODUCT_ID, PRODUCT_NAME, PRICE, WARRANTY_YEARS, IMAGE, STATUS, CATAGORY_ID) VALUES (50053, 'Nova Inkjet 10 wireless', 30551, 3.98, 'something.jpeg', 'continued', 5);
--CATAGORY 7 (CAMERA)
INSERT INTO PRODUCTS (PRODUCT_ID, PRODUCT_NAME, PRICE, WARRANTY_YEARS, IMAGE, STATUS, CATAGORY_ID) VALUES (50054, 'Nova DSLR 5', 30431, 1.84, 'something.jpeg', 'discontinued', 7);
INSERT INTO PRODUCTS (PRODUCT_ID, PRODUCT_NAME, PRICE, WARRANTY_YEARS, IMAGE, STATUS, CATAGORY_ID) VALUES (50055, 'Nova DSLR 7', 31924, 4.32, 'something.jpeg', 'continued', 7);
INSERT INTO PRODUCTS (PRODUCT_ID, PRODUCT_NAME, PRICE, WARRANTY_YEARS, IMAGE, STATUS, CATAGORY_ID) VALUES (50056, 'Nova DSLR 10', 39241, 4.91, 'something.jpeg', 'continued', 7);

--CATAGORY 8 (HEADPHONE)
INSERT INTO PRODUCTS (PRODUCT_ID, PRODUCT_NAME, PRICE, WARRANTY_YEARS, IMAGE, STATUS, CATAGORY_ID) VALUES (50057, 'Nova Headphone 5', 30531, 1.84, 'something.jpeg', 'continued', 8);
INSERT INTO PRODUCTS (PRODUCT_ID, PRODUCT_NAME, PRICE, WARRANTY_YEARS, IMAGE, STATUS, CATAGORY_ID) VALUES (50058, 'Nova Headphone 7', 31924, 4.32, 'something.jpeg', 'continued', 8);
INSERT INTO PRODUCTS (PRODUCT_ID, PRODUCT_NAME, PRICE, WARRANTY_YEARS, IMAGE, STATUS, CATAGORY_ID) VALUES (50059, 'Nova Headphone 10', 36241, 4.91, 'something.jpeg', 'continued', 8);

--CATAGORY 9 (SPEAKER)
INSERT INTO PRODUCTS (PRODUCT_ID, PRODUCT_NAME, PRICE, WARRANTY_YEARS, IMAGE, STATUS, CATAGORY_ID) VALUES (50060, 'Nova SRS 9 Lite SPEAKER', 19932, 2.07, 'something.jpeg', 'continued', 9);
INSERT INTO PRODUCTS (PRODUCT_ID, PRODUCT_NAME, PRICE, WARRANTY_YEARS, IMAGE, STATUS, CATAGORY_ID) VALUES (50061, 'Nova CH 8 Pro SPEAKER', 15194, 1.45, 'something.jpeg', 'continued', 9);
INSERT INTO PRODUCTS (PRODUCT_ID, PRODUCT_NAME, PRICE, WARRANTY_YEARS, IMAGE, STATUS, CATAGORY_ID) VALUES (50062, 'Nova SRS 5 Max SPEAKER', 16391, 2.25, 'something.jpeg', 'continued', 9);
INSERT INTO PRODUCTS (PRODUCT_ID, PRODUCT_NAME, PRICE, WARRANTY_YEARS, IMAGE, STATUS, CATAGORY_ID) VALUES (50063, 'Nova XUV 7 Plus SPEAKER', 10600, 3.86, 'something.jpeg', 'continued', 9);

--CATAGORY 10 (MONITOR)
INSERT INTO PRODUCTS (PRODUCT_ID, PRODUCT_NAME, PRICE, WARRANTY_YEARS, IMAGE, STATUS, CATAGORY_ID) VALUES (50065, 'Nova P32 CURVED MONITOR', 34694, 2.54, 'something.jpeg', 'continued', 10);
INSERT INTO PRODUCTS (PRODUCT_ID, PRODUCT_NAME, PRICE, WARRANTY_YEARS, IMAGE, STATUS, CATAGORY_ID) VALUES (50066, 'Nova P32 UHD 8K MONITOR', 22117, 3.19, 'something.jpeg', 'continued', 10);
INSERT INTO PRODUCTS (PRODUCT_ID, PRODUCT_NAME, PRICE, WARRANTY_YEARS, IMAGE, STATUS, CATAGORY_ID) VALUES (50067, 'Nova E27 UHD 8K MONITOR', 35883, 2.72, 'something.jpeg', 'continued', 10);
INSERT INTO PRODUCTS (PRODUCT_ID, PRODUCT_NAME, PRICE, WARRANTY_YEARS, IMAGE, STATUS, CATAGORY_ID) VALUES (50068, 'Nova P32 UHD 4K MONITOR', 27542, 4.62, 'something.jpeg', 'continued', 10);
INSERT INTO PRODUCTS (PRODUCT_ID, PRODUCT_NAME, PRICE, WARRANTY_YEARS, IMAGE, STATUS, CATAGORY_ID) VALUES (50069, 'Nova E27 UHD 4K MONITOR', 28070, 3.89, 'something.jpeg', 'continued', 10);
INSERT INTO PRODUCTS (PRODUCT_ID, PRODUCT_NAME, PRICE, WARRANTY_YEARS, IMAGE, STATUS, CATAGORY_ID) VALUES (50070, 'Nova E27 FHD MONITOR', 24275, 2.57, 'something.jpeg', 'discontinued', 10);

--CATAGORY 11 (KEYBOARD)
INSERT INTO PRODUCTS (PRODUCT_ID, PRODUCT_NAME, PRICE, WARRANTY_YEARS, IMAGE, STATUS, CATAGORY_ID) VALUES (50071, 'Nova K5 PRO GAMING KEYBOARD', 33531, 1.84, 'something.jpeg', 'continued', 11);
INSERT INTO PRODUCTS (PRODUCT_ID, PRODUCT_NAME, PRICE, WARRANTY_YEARS, IMAGE, STATUS, CATAGORY_ID) VALUES (50072, 'Nova K7 GAMING KEYBOARD', 31924, 4.32, 'something.jpeg', 'continued', 11);
INSERT INTO PRODUCTS (PRODUCT_ID, PRODUCT_NAME, PRICE, WARRANTY_YEARS, IMAGE, STATUS, CATAGORY_ID) VALUES (50073, 'Nova K10 GAMING KEYBOARD', 36241, 4.91, 'something.jpeg', 'continued', 11);
INSERT INTO PRODUCTS (PRODUCT_ID, PRODUCT_NAME, PRICE, WARRANTY_YEARS, IMAGE, STATUS, CATAGORY_ID) VALUES (50074, 'Nova K10 ULTRA GAMING KEYBOARD', 41551, 3.98, 'something.jpeg', 'continued', 11);

--CATAGORY 12 (MOUSE)
INSERT INTO PRODUCTS (PRODUCT_ID, PRODUCT_NAME, PRICE, WARRANTY_YEARS, IMAGE, STATUS, CATAGORY_ID) VALUES (50075, 'Nova M5 PRO GAMING MOUSE', 30531, 1.84, 'something.jpeg', 'continued', 12);
INSERT INTO PRODUCTS (PRODUCT_ID, PRODUCT_NAME, PRICE, WARRANTY_YEARS, IMAGE, STATUS, CATAGORY_ID) VALUES (50076, 'Nova M7 GAMING MOUSE', 31924, 4.32, 'something.jpeg', 'continued', 12);
INSERT INTO PRODUCTS (PRODUCT_ID, PRODUCT_NAME, PRICE, WARRANTY_YEARS, IMAGE, STATUS, CATAGORY_ID) VALUES (50077, 'Nova M10 GAMING MOUSE', 36241, 4.91, 'something.jpeg', 'continued', 12);


--AREAS
-- Region 101

INSERT INTO AREAS VALUES (10008, 'SUST Road', 1114, 'Sylhet-Sadar', 101);
INSERT INTO AREAS VALUES (10009, 'Mirabazar Shorok', 1100, 'Sylhet-Sadar', 101);
INSERT INTO AREAS VALUES (10010, 'Subidbazar Road', 1101, 'Sylhet-Sadar', 101);
INSERT INTO AREAS VALUES (10011, 'Lamabazar Road', 1102, 'Sylhet-Sadar', 101);
INSERT INTO AREAS VALUES (10012, 'Jalalabad lane', 1103, 'Sylhet-Sadar', 101);


-- Region 102
INSERT INTO AREAS VALUES (10013, 'Shantinagar Road', 1207, 'Dhaka', 102);
INSERT INTO AREAS VALUES (10014, 'Mohakhali Bus Stand', 1206, 'Dhaka', 102);
INSERT INTO AREAS VALUES (10015, 'Banani Road', 1213, 'Dhaka', 102);
INSERT INTO AREAS VALUES (10016, 'Dhanmondi Lake Road', 1209, 'Dhaka', 102);
INSERT INTO AREAS VALUES (10017, 'Uttara Airport Road', 1230, 'Dhaka', 102);

-- Region 103
INSERT INTO AREAS VALUES (10018, 'Housing lane', 1312, 'Sunamganj-sadar', 103);
INSERT INTO AREAS VALUES (10019, 'Mirpur Road', 1316, 'Sunamganj-Mirpur', 103);
INSERT INTO AREAS VALUES (10020, 'Pallabi bazar', 1314, 'Sunamganj-sadar', 103);
INSERT INTO AREAS VALUES (10021, 'Baridhara', 1319, 'Sunamganj-sadar', 103);
INSERT INTO AREAS VALUES (10022, 'Barabazar Mor', 1323, 'Sunamganj-sadar', 103);
INSERT INTO AREAS VALUES (10023, 'Tahirpur Road', 1385, 'Sunamganj-Tahirpur', 103);



-- Region 104
INSERT INTO AREAS VALUES (10024, 'Joydevpur Road', 1801, 'Gazipur-Sadar', 104);
INSERT INTO AREAS VALUES (10025, 'Tongi Lane', 1810, 'Gazipur-Sadar', 104);
INSERT INTO AREAS VALUES (10026, 'Kaliakor Goli', 1850, 'Gazipur-Sadar', 104);
INSERT INTO AREAS VALUES (10027, 'Kapasia Bazar', 1921, 'Kapasia', 104);
INSERT INTO AREAS VALUES (10028, 'Nagoripara Road', 1923, 'Kapasia', 104);



--SHOPS
-- Area 10001
INSERT INTO SHOPS VALUES (30007, 'Gadget Galaxy', TO_TIMESTAMP('09:00 AM', 'HH:MI AM'), TO_TIMESTAMP('05:00 PM', 'HH:MI PM'),
                          'gadget.galaxy@gmail.com', '120459789', 10001);
INSERT INTO SHOPS VALUES (30008, 'Electro Haven', TO_TIMESTAMP('09:30 AM', 'HH:MI AM'), TO_TIMESTAMP('05:30 PM', 'HH:MI PM'),
                          'electro.haven@gmail.com', '927654321', 10001);

-- Area 10002
INSERT INTO SHOPS VALUES (30009, 'Tech Oasis', TO_TIMESTAMP('10:00 AM', 'HH:MI AM'), TO_TIMESTAMP('06:00 PM', 'HH:MI PM'),
                          'tech.oasis@gmail.com', '111223344', 10002);
INSERT INTO SHOPS VALUES (30010, 'Innovate Electronics', TO_TIMESTAMP('10:30 AM', 'HH:MI AM'), TO_TIMESTAMP('06:30 PM', 'HH:MI PM'),
                          'innovate.electronics@gmail.com', '554438221', 10002);

-- Area 10003
INSERT INTO SHOPS VALUES (30011, 'SmartTech Solutions', TO_TIMESTAMP('09:00 AM', 'HH:MI AM'), TO_TIMESTAMP('05:00 PM', 'HH:MI PM'),
                          'smarttech@gmail.com', '987612345', 10003);
INSERT INTO SHOPS VALUES (30012, 'Future Electronics', TO_TIMESTAMP('09:30 AM', 'HH:MI AM'), TO_TIMESTAMP('05:30 PM', 'HH:MI PM'),
                          'future.electronics@gmail.com', '678901234', 10003);

-- Area 10004
INSERT INTO SHOPS VALUES (30013, 'Digital Dreams', TO_TIMESTAMP('10:00 AM', 'HH:MI AM'), TO_TIMESTAMP('06:00 PM', 'HH:MI PM'),
                          'digital.dreams@gmail.com', '345678901', 10004);
INSERT INTO SHOPS VALUES (30014, 'Epic Electronics', TO_TIMESTAMP('10:30 AM', 'HH:MI AM'), TO_TIMESTAMP('06:30 PM', 'HH:MI PM'),
                          'epic.electronics@gmail.com', '890146456', 10004);

--
-- Area 10005
INSERT INTO SHOPS VALUES (30015, 'Mega Electronics', TO_TIMESTAMP('09:00 AM', 'HH:MI AM'), TO_TIMESTAMP('05:00 PM', 'HH:MI PM'),
                          'mega.electronics@gmail.com', '123133123', 10005);
INSERT INTO SHOPS VALUES (30016, 'TechNest', TO_TIMESTAMP('09:30 AM', 'HH:MI AM'), TO_TIMESTAMP('05:30 PM', 'HH:MI PM'),
                          'technest@gmail.com', '456406456', 10005);

-- Area 10006
INSERT INTO SHOPS VALUES (30017, 'InnoGizmo', TO_TIMESTAMP('10:00 AM', 'HH:MI AM'), TO_TIMESTAMP('06:00 PM', 'HH:MI PM'),
                          'innogizmo@gmail.com', '789789789', 10006);
INSERT INTO SHOPS VALUES (30018, 'Digital Dynamics', TO_TIMESTAMP('10:30 AM', 'HH:MI AM'), TO_TIMESTAMP('06:30 PM', 'HH:MI PM'),
                          'digital.dynamics@gmail.com', '111282333', 10006);



-- Area 10007
INSERT INTO SHOPS VALUES (30019, 'FutureTech', TO_TIMESTAMP('09:00 AM', 'HH:MI AM'), TO_TIMESTAMP('05:00 PM', 'HH:MI PM'),
                          'futuretech@gmail.com', '444555666', 10007);
INSERT INTO SHOPS VALUES (30020, 'ElectroCraft', TO_TIMESTAMP('09:30 AM', 'HH:MI AM'), TO_TIMESTAMP('05:30 PM', 'HH:MI PM'),
                          'electrocraft@gmail.com', '777688999', 10007);

-- Area 10008
INSERT INTO SHOPS VALUES (30021, 'GadgetSphere', TO_TIMESTAMP('10:00 AM', 'HH:MI AM'), TO_TIMESTAMP('06:00 PM', 'HH:MI PM'),
                          'gadgetsphere@gmail.com', '222334444', 10008);
INSERT INTO SHOPS VALUES (30022, 'InnoGadget', TO_TIMESTAMP('10:30 AM', 'HH:MI AM'), TO_TIMESTAMP('06:30 PM', 'HH:MI PM'),
                          'innogadget@gmail.com', '555566777', 10008);



-- Area 10009
INSERT INTO SHOPS VALUES (30023, 'TechBazaar', TO_TIMESTAMP('09:00 AM', 'HH:MI AM'), TO_TIMESTAMP('05:00 PM', 'HH:MI PM'),
                          'techbazaar@gmail.com', '987654321', 10009);
INSERT INTO SHOPS VALUES (30024, 'ElectroWorld', TO_TIMESTAMP('09:30 AM', 'HH:MI AM'), TO_TIMESTAMP('05:30 PM', 'HH:MI PM'),
                          'electroworld@gmail.com', '123456789', 10009);

-- Area 10010
INSERT INTO SHOPS VALUES (30025, 'GadgetZone', TO_TIMESTAMP('10:00 AM', 'HH:MI AM'), TO_TIMESTAMP('06:00 PM', 'HH:MI PM'),
                          'gadgetzone@gmail.com', '345648901', 10010);
            

-- Area 10011
INSERT INTO SHOPS VALUES (30026, 'TechHaven', TO_TIMESTAMP('09:00 AM', 'HH:MI AM'), TO_TIMESTAMP('05:00 PM', 'HH:MI PM'), 'techhavean@gmail.com', '123129123', 10011);

-- Area 10012
INSERT INTO SHOPS VALUES (30027, 'ElectroTech', TO_TIMESTAMP('09:30 AM', 'HH:MI AM'), TO_TIMESTAMP('05:30 PM', 'HH:MI PM'), 'electrotech@yahoo.com', '456856456', 10012);

-- Area 10013
INSERT INTO SHOPS VALUES (30028, 'EpicElectronics', TO_TIMESTAMP('09:30 AM', 'HH:MI AM'), TO_TIMESTAMP('05:30 PM', 'HH:MI PM'),
                          'epicelectronics@gmail.com', '890123456', 10013);


-- Area 10014
INSERT INTO SHOPS VALUES (30029, 'MegaTech', TO_TIMESTAMP('10:00 AM', 'HH:MI AM'), TO_TIMESTAMP('06:00 PM', 'HH:MI PM'),'mega@outlook,com', '127187127', 10014);
                          

-- Area 10015
INSERT INTO SHOPS VALUES (30030, 'TechNest', TO_TIMESTAMP('10:30 AM', 'HH:MI AM'), TO_TIMESTAMP('06:30 PM', 'HH:MI PM'),'nestteach@hotmail.com', '459456956', 10015);

-- Area 10016
INSERT INTO SHOPS VALUES (30031, 'TechVibe', TO_TIMESTAMP('10:30 AM', 'HH:MI AM'), TO_TIMESTAMP('06:30 PM', 'HH:MI PM'),
                          'techvibe@gmail.com', '679901934', 10016);
-- Area 10017
INSERT INTO SHOPS VALUES (30321, 'ElectroCraft Electronics', TO_TIMESTAMP('09:00 AM', 'HH:MI AM'), TO_TIMESTAMP('05:00 PM', 'HH:MI PM'),
                          'electrocraftelectronics@gmail.com', '220333444', 10017);
-- Area 10019                                            '
INSERT INTO SHOPS VALUES (30322, 'TechNirvana', TO_TIMESTAMP('09:30 AM', 'HH:MI AM'), TO_TIMESTAMP('05:30 PM', 'HH:MI PM'),
                          'technirvana@gmail.com', '456455456', 10019);
            
-- Area 10020
INSERT INTO SHOPS VALUES (30323, 'Gadget World',TO_TIMESTAMP('09:30 AM', 'HH:MI AM'), TO_TIMESTAMP('05:30 PM', 'HH:MI PM'),
                         'gadgetworld@outlook.com','890183456', 10020);
-- Area 10021
INSERT INTO SHOPS VALUES (30324, 'New TechBazaar', TO_TIMESTAMP('10:00 AM', 'HH:MI AM'), TO_TIMESTAMP('06:00 PM', 'HH:MI PM'),
                          'newtechbazaar@gmail.com', '315678001', 10021);   
-- Area 10023
INSERT INTO SHOPS VALUES (30325, 'TechHaven2', TO_TIMESTAMP('09:00 AM', 'HH:MI AM'), TO_TIMESTAMP('05:00 PM', 'HH:MI PM'),
                          'techhavean2@gmail.com', '123123103', 10023);
-- Area 10024
INSERT INTO SHOPS VALUES (30326, 'ElectroTech2', TO_TIMESTAMP('09:30 AM', 'HH:MI AM'), TO_TIMESTAMP('05:30 PM', 'HH:MI PM'),
                          'electrotech2@outlook.com', '453456406', 10024);
-- Area 10025
INSERT INTO SHOPS VALUES (30327, 'Nova Tech', TO_TIMESTAMP('09:30 AM', 'HH:MI AM'), TO_TIMESTAMP('05:30 PM', 'HH:MI PM'),
                          'novatech@gmail.com', '390123456', 10025);  
-- Area 10026
INSERT INTO SHOPS VALUES (30328, 'Nova Tech2', TO_TIMESTAMP('10:00 AM', 'HH:MI AM'), TO_TIMESTAMP('06:00 PM', 'HH:MI PM'),
                          'novatech2@gmail.com', '100100111', 10026);                
-- Area 10027
INSERT INTO SHOPS VALUES (30329, 'FutureTech2', TO_TIMESTAMP('10:30 AM', 'HH:MI AM'), TO_TIMESTAMP('06:30 PM', 'HH:MI PM'),
                          'futuretech2@yahoo.com', '143145143', 10027);
-- Area 10028
INSERT INTO SHOPS VALUES (30330, 'ElectroCraft2', TO_TIMESTAMP('10:30 AM', 'HH:MI AM'), TO_TIMESTAMP('06:30 PM', 'HH:MI PM'),
                          'electricraft2@gmail.com', '698678578', 10028);


--FACTORY
INSERT INTO FACTORY VALUES(902, 'Liscenced by Mega Innovations', TO_DATE('2021-02-10', 'YYYY-MM-DD'), NULL, 10008);
INSERT INTO FACTORY VALUES(903, 'Liscenced by Tech Solutions', TO_DATE('2021-03-25', 'YYYY-MM-DD'), NULL, 10013);
INSERT INTO FACTORY VALUES(904, 'Liscenced by Innovate Electronics LTD', TO_DATE('2022-04-15', 'YYYY-MM-DD'), NULL, 10018);
INSERT INTO FACTORY VALUES(905, 'Liscenced by Precision Manufacturing', TO_DATE('2022-06-05', 'YYYY-MM-DD'), NULL, 10024);
INSERT INTO FACTORY VALUES(906, 'Liscenced by Future Tech Creations', TO_DATE('2022-07-10', 'YYYY-MM-DD'), NULL, 10017);




